referencia_catastral,calle,numero,codigo_postal,lat,lon,superficie_construida_m2,anyo_construccion,viviendas
4441101QA4444A,BARBATE,21,11012,36.510297,-6.272507,26739,1969,381
3838503QA4433H,MARITIMO,2,11010,36.506917,-6.27901,36682,1980,239
4427901QA4442E,MARITIMO,29,,36.496883,-6.272166,21728,1977,210
4426304QA4442E,MARITIMO,30,,36.49642,-6.271521,22080,1976,189
3838501QA4433H,GENERAL MUÑOZ ARENILLAS,4,11009,36.507204,-6.27821,28900,1985,182
4343201QA4444C,BARBATE,60,11012,36.511709,-6.272949,12484,1991,167
4726201QA4442F,ADELFAS,1,11011,36.496458,-6.269456,11847,1993,165
3456703QA4435E,TOLOSA LATOUR,19,11007,36.52161,-6.281744,11794,1977,163
3938310QA4433H,CAYETANO DEL TORO,7,11010,36.5072,-6.277306,18286,1985,154
1467506QA4416G,BENITO PEREZ GALDOS,84,11002,36.533887,-6.304109,16597,1983,153
4231902QA4443A,PERIODISTA BEATRIZ CIENFU,2,11011,36.500802,-6.273971,11076,1971,141
3944201QA4434D,ALEGRIA DE LA,1,11009,36.512678,-6.277527,7876,1993,125
3748901QA4434H,COLARTE,1,11008,36.515896,-6.27952,9365,1958,121
3754201QA4435D,PINTOR VINIEGRA,4,11007,36.521014,-6.278385,6082,1948,113
4340401QA4444A,LACAVE,8,11012,36.508913,-6.272307,7494,1957,112
3157110QA4435E,ACACIAS,15,11007,36.524272,-6.285957,15030,1973,105
3950202QA4435B,GUADALQUIVIR,21,11012,36.518922,-6.277163,9137,1971,102
3254203QA4435C,GRANJA SAN ILDEFONSO,5,11007,36.522153,-6.284453,10171,1975,98
3851704QA4435B,COOPERATIVA,9,11007,36.518701,-6.278686,8525,1972,97
3655301QA4435F,DE LA GUARDIA CIVIL,1,11011,36.522993,-6.280573,14891,2009,97
3548511QA4434H,PARLAMENTO,3,11008,36.515598,-6.2816,12169,1975,95
2957205QA4425F,SANTA MARIA DEL MAR,3,11006,36.524386,-6.288193,12244,1958,90
3253307QA4435C,SANTA MARIA DE LA CABEZA,11,11007,36.520727,-6.283849,7367,1982,80
3943601QA4434D,GARCIA CARRERA,14,11009,36.511329,-6.277269,4914,1939,78
1565915QA4416F,DIEGO ARIAS,11,11002,36.531885,-6.303221,7265,1972,77
3254201QA4435C,ECUADOR,2,,36.522165,-6.285055,9214,1973,76
3742401QA4434D,ANA DE VIYA,13,11008,36.510686,-6.279259,13602,1978,73
3742801QA4434B,ANA DE VIYA,30,11009,36.511039,-6.280018,8636,1960,69
4147301QA4444G,BARBATE,66,11012,36.515146,-6.274483,6431,1988,67
4232301QA4443C,MADRID,3,11010,36.501981,-6.273975,5853,1959,67
4248308QA4444G,GUADALQUIVIR,20,11012,36.515956,-6.273595,2801,1988,61
4248306QA4444G,GUADALQUIVIR,22,11012,36.516411,-6.273838,4568,1988,61
4248304QA4444G,GUADALQUIVIR,24,11012,36.516757,-6.273995,4568,1988,61
4248301QA4444G,GUADALQUIVIR,26,11012,36.517105,-6.274152,4568,1988,61
4150405QA4445A,GUADALQUIVIR,28,11012,36.517452,-6.274309,4568,1988,61
4344101QA4444C,BARBATE,62,11012,36.512785,-6.273432,5361,1990,60
3553501QA4435D,FEDERICO GARCIA LORCA,7,11008,36.52019,-6.281354,4232,1962,56
3352503QA4435C,CIUDAD DE SANTANDER,6,11007,36.519733,-6.283332,6749,1974,49
4427902QA4442E,PERIODISTA BEATRIZ CIENFU,20,11011,36.497116,-6.272015,5457,1977,48
3159509QA4435G,BAHIA BLANCA,11,11007,36.525377,-6.284445,8497,1976,47
3550824QA4435B,HUERTA DEL OBISPO,15,11008,36.516745,-6.280222,7297,1981,45
4037203QA4443E,ALONSO CANO,5,11010,36.506339,-6.27597,4423,1982,43
4242602QA4444A,ALCALDE BLAZQUEZ,11,11012,36.510173,-6.273686,4223,1993,41
3346401QA4434E,BLANCO DEL,2,11008,36.514807,-6.28386,4230,1993,41
3647303QA4434H,PARLAMENTO,14,11008,36.515943,-6.280484,7626,1982,41
4037506QA4443G,PINTOR ZULOAGA,22,11010,36.505613,-6.275494,7489,1981,41
1467503QA4416G,JOSE PAREDES MONGE,2,11002,36.533548,-6.304934,3387,1980,40
3257202QA4435E,HIBISCOS,6,11007,36.524763,-6.284928,5471,1967,37
3055903QA4435E,ALCALDE MANUEL D LA PINTA,3,11006,36.523084,-6.287555,5793,1958,36
4440601QA4444A,SOR CRISTINA LOPEZ GARCIA,7,11011,36.508507,-6.272118,2176,1957,36
4341301QA4444A,OLVERA,7,,36.509862,-6.273071,2482,1993,35
4341201QA4444A,OLVERA,8,,36.509396,-6.272629,2366,1993,35
2561903QA4426B,SANTA MARIA,11,11005,36.52816,-6.292442,2721,2012,35
3950203QA4435B,PERU DEL,6,11007,36.518726,-6.277085,2839,1971,31
4037504QA4443G,PINTOR ZULOAGA,18,11010,36.506024,-6.275714,1786,1983,31
3747508QA4434H,PORTUGAL,43,11008,36.514451,-6.278807,4299,1982,31
1664607QA4416D,PASTORA,13,11002,36.530618,-6.3022,1931,2005,30
3851710QA4435B,SANIDAD PUBLICA,13,,36.518403,-6.2788,2785,1988,29
2861708QA4426B,SERVANDA,1,11006,36.527626,-6.289155,1375,2003,28
3349503QA4434G,ANDALUCIA DE,66,11007,36.516868,-6.283182,5061,1979,27
4243502QA4444C,BARBATE,19,11012,36.511384,-6.273666,2250,1977,27
3747603QA4434F,CAMPOS ELISEOS,3,11008,36.514967,-6.279447,1459,1994,25
1865408QA4416F,ROSARIO CEPEDA,17,11001,36.531851,-6.299357,3216,1963,25
2063331QA4426C,ARBOLI,21,11005,36.529783,-6.29745,1198,2005,24
4248305QA4444G,BAHIA DE LA,23,11012,36.516918,-6.27345,1899,1988,24
4248307QA4444G,BAHIA DE LA,23,11012,36.516571,-6.273292,1899,1988,24
4150406QA4445A,BAHIA DE LA,25,11012,36.517612,-6.273763,1899,1988,24
4248303QA4444G,BAHIA DE LA,25,11012,36.517264,-6.273661,1899,1988,24
3740301QA4434B,ERNESTINA MUÑOZ DE MIGUEL,4,,36.509584,-6.279388,3326,1994,24
4037202QA4443E,PINTOR ZULOAGA,12,11010,36.506781,-6.276115,1879,1987,24
2369808QA4426G,ISABEL LA CATOLICA,19,11004,36.53591,-6.294828,1639,2011,23
3754807QA4435D,SAN SEVERIANO,3,11007,36.521523,-6.279723,1684,1948,23
3939405QA4433H,PINTOR ZULOAGA,4,11010,36.507891,-6.276707,2300,1985,21
3257702QA4435E,SANTA CRUZ DE TENERIFE,10,11007,36.524073,-6.284585,2797,1969,21
3647319QA4434H,DAMA DE CADIZ,2,,36.515545,-6.280537,1594,1994,20
3254204QA4435C,GRANJA SAN ILDEFONSO,3,11007,36.521817,-6.284845,2921,1950,20
2266513QA4426E,SAN ANDRES,3,11004,36.532555,-6.295101,1126,2005,20
3550831QA4435B,HUERTA DEL OBISPO,3,11008,36.516256,-6.281452,1665,1989,19
2760415QA4426B,MIRADOR,20,11006,36.527055,-6.289996,1116,1977,19
3950218QA4435B,SAN SEVERIANO,19,11007,36.518568,-6.277917,1678,1961,19
3740802QA4434B,AMILCAR BARCA,43,,36.509032,-6.279959,2804,1989,18
3939404QA4433H,PINTOR ZULOAGA,2,11010,36.508065,-6.276907,2118,1978,18
2163901QA4426C,SAN JUAN,2,11005,36.529472,-6.297479,588,2021,18
3651902QA4435B,ANTONIO MACHADO,19,11008,36.518615,-6.280262,1180,1955,17
2069903QA4426G,BUENOS AIRES,11,11003,36.535495,-6.297855,1868,1986,17
4037505QA4443G,PINTOR ZULOAGA,20,11010,36.505865,-6.275627,2254,1971,17
3647316QA4434H,RECREO,1,11008,36.514943,-6.280519,1032,1995,17
2166706QA4426E,SAN MIGUEL,6,11001,36.532542,-6.297329,1586,1995,17
2063335QA4426C,ARBOLI,29,11005,36.529563,-6.297595,677,2003,16
1662209QA4416B,ART. PETROLEO Y SALVAORA,9,11002,36.529344,-6.301958,658,2016,16
4149101QA4444G,BARBATE,0,11012,36.517108,-6.275494,1696,1988,16
1366903QA4416E,DOCTOR MARAÑON,22,11002,36.533074,-6.305105,1346,1988,16
2659900QA4425H,ENRIQUE EL MELLIZO,2,,36.528069,-6.289646,1595,2008,16
1864901QA4416D,SAGASTA,74,,36.530646,-6.300754,564,1995,16
1862102QA4416B,SAGASTA,104,,36.529253,-6.300886,1595,1968,16
1565907QA4416F,SAN RAFAEL,14,11002,36.532209,-6.303504,1115,2005,16
3154809QA4435C,SANTA MARIA SOLEDAD,9,11006,36.521752,-6.28652,1965,1967,16
2269106QA4426G,SANTIAGO TERRY,11,11004,36.536154,-6.295721,1006,1991,16
3456705QA4435E,24 DE JULIO,2,11007,36.521947,-6.281943,1544,1960,15
2369406QA4426G,MANUEL RANCES,25,11004,36.535769,-6.294258,1576,1888,15
4039902QA4443G,MURILLO,6,11010,36.507888,-6.276327,1341,1991,15
1862115QA4416B,PASQUIN,5,11002,36.52973,-6.30037,764,1888,15
2760406QA4426B,TENIENTE ANDUJAR,25,11006,36.527335,-6.289551,1202,2005,15
2163905QA4426C,ARBOLI,22,11005,36.529815,-6.297317,637,2005,14
3253316QA4435C,GRANJA SAN ILDEFONSO,8,11007,36.521656,-6.284492,3313,1983,14
2266524QA4426E,JOSE DEL TORO,20,,36.532428,-6.295482,1528,1888,14
1962312QA4416D,LIBERTAD DE LA,9,11005,36.529742,-6.298302,1814,1995,14
2660402QA4426B,MIRADOR,9,11006,36.52721,-6.290939,705,2005,14
2163923QA4426C,OBISPO URQUINAONA,29,11005,36.529626,-6.296663,602,1888,14
2860902QA4426B,SANTA ELENA,3,11006,36.52698,-6.289163,2004,1977,14
4340602QA4444A,SETENIL DE LAS BODEGAS,1,11012,36.508577,-6.273427,5161,2001,14
1767510QA4416H,TORRE,25,,36.533342,-6.300342,1088,2014,14
1462914QA4416A,ANGEL,6,11002,36.529378,-6.304756,742,1888,13
1662208QA4416B,ART. PETROLEO Y SALVAORA,3,11002,36.529496,-6.301955,942,1996,13
2263204QA4426C,BARROCAL,3,11005,36.530501,-6.295678,1094,2013,13
2169306QA4426G,GENERAL MENACHO,13,11004,36.536161,-6.296038,1250,1983,13
3948102QA4434H,MARINERO EN TIERRA,8,,36.516438,-6.277556,4053,1970,13
3849403QA4434H,MARINERO EN TIERRA,9,,36.516892,-6.277839,4105,1970,13
3948104QA4434H,MARINERO EN TIERRA,10,,36.516589,-6.277176,4053,1970,13
3849401QA4434H,MARINERO EN TIERRA,11,,36.517041,-6.277463,4105,1970,13
1862327QA4416D,PASQUIN,20,11002,36.529138,-6.300234,1107,1987,13
1563102QA4416D,PATROCINIO,11,11002,36.530454,-6.30369,723,2001,13
1563103QA4416D,PATROCINIO,13,11002,36.530232,-6.303706,603,1941,13
4039914QA4443G,PINTOR ZULOAGA,5,11010,36.507678,-6.276308,1382,1987,13
3939406QA4433H,PINTOR ZULOAGA,6,11010,36.50776,-6.276642,1458,1981,13
1870804QA4417B,SAN ISIDRO,7,11003,36.53661,-6.300466,727,2001,13
1862311QA4416D,SAN VICENTE,3,11002,36.529882,-6.299668,572,1888,13
1970814QA4417B,ADOLFO DE CASTRO,17,11003,36.536224,-6.299094,941,1888,12
2367301QA4426G,BEATO DIEGO DE CADIZ,13,11004,36.534144,-6.294051,1213,1994,12
2170705QA4427A,CLARA CAMPOAMOR,20,11003,36.536387,-6.296867,1427,1986,12
1366902QA4416E,DOCTOR MARAÑON,20,11002,36.533038,-6.305322,804,1988,12
2760710QA4426B,SANTO DOMINGO,43,11006,36.526621,-6.290317,652,1993,12
2068507QA4426G,CANOVAS DEL CASTILLO,22,11001,36.533985,-6.297214,1381,1888,11
2363306QA4426C,CRISTOBAL COLON,16,11005,36.530603,-6.293799,972,1984,11
1770608QA4417B,ENRIQUE DE LAS MARINAS,26,11007,36.535952,-6.300561,760,1888,11
2462101QA4426A,FABIO RUFINO,8,11005,36.529399,-6.293722,785,1888,11
3550818QA4435B,FRANCISCO GARCIA DE SOLA,30,11008,36.517631,-6.28021,669,1957,11
3550819QA4435B,FRANCISCO GARCIA DE SOLA,32,11008,36.517486,-6.280091,815,1957,11
3550820QA4435B,FRANCISCO GARCIA DE SOLA,34,11008,36.517294,-6.279927,687,1957,11
4039308QA4443G,MARCONI,26,11009,36.508253,-6.275671,1168,1968,11
3948101QA4434H,MARINERO EN TIERRA,1,,36.516458,-6.277703,2914,1970,11
3948103QA4434H,MARINERO EN TIERRA,2,,36.516602,-6.277333,2914,1970,11
3849404QA4434H,MARINERO EN TIERRA,3,,36.516784,-6.277914,3442,1970,11
3849402QA4434H,MARINERO EN TIERRA,4,,36.516935,-6.277541,3431,1970,11
2162405QA4426C,SAN JUAN,25,11005,36.529284,-6.296786,579,2002,11
2561904QA4426B,SANTA MARIA,7,11005,36.528326,-6.292489,888,2012,11
2857403QA4425H,SANTA MARIA DEL MAR,6,11006,36.524036,-6.288177,1659,1961,11
1866610QA4416F,SOLANO,5,11001,36.532293,-6.300301,733,1888,11
1564414QA4416D,TRINIDAD,6,11002,36.531227,-6.303191,703,1995,11
1766206QA4416F,VIUDAS,30,11003,36.533476,-6.301101,1127,1961,11
1768619QA4416H,BENJUMEDA,35,,36.534028,-6.301081,663,2003,10
3849301QA4434H,CAL Y CANTO,5,,36.51735,-6.277596,3120,1970,10
3849302QA4434H,CAL Y CANTO,6,,36.517457,-6.277889,3120,1970,10
3849303QA4434H,CAL Y CANTO,7,,36.517149,-6.27809,3120,1970,10
1563506QA4416D,CORRALON DE LOS CARROS,56,11002,36.53006,-6.303047,465,2015,10
4153704QA4445C,EDUARDO BENOT,8,11012,36.519989,-6.275147,808,1974,10
4050901QA4445A,FRAY PABLO DE CADIZ,8,,36.517727,-6.275947,834,1974,10
4247403QA4444G,GUADALQUIVIR,18,11012,36.515368,-6.273696,808,1974,10
1769805QA4416H,MENTIDERO DE,16,11003,36.535699,-6.301332,769,1888,10
4039915QA4443G,PINTOR ZULOAGA,1,11010,36.507965,-6.276481,1276,1980,10
4052501QA4445C,RAFAEL PICARDO OLEARY,4,11012,36.519253,-6.275954,804,1974,10
2168504QA4426G,ROSARIO,1,11004,36.534107,-6.296237,486,2017,10
1866604QA4416F,SACRAMENTO,40,,36.532445,-6.299989,836,1888,10
1669601QA4416H,SAN DIMAS,6,11003,36.535068,-6.302643,601,2008,10
2760401QA4426B,SANTO DOMINGO,22,11006,36.527247,-6.289912,1044,1979,10
1566403QA4416F,SOLANO,36,,36.532986,-6.302903,562,2020,10
2661104QA4426B,SUAREZ DE SALAZAR,12,11006,36.52861,-6.291728,475,2003,10
2266803QA4426E,VALVERDE,14,11004,36.53314,-6.296296,1102,1888,10
3754805QA4435D,VICTOR GONZALEZ,3,,36.521524,-6.279401,705,1948,10
2170708QA4427A,ZORRILLA,10,11004,36.53614,-6.29662,1844,1979,10
3552113QA4435B,ANTONIO MACHADO,1,11008,36.520205,-6.281972,656,1954,9
2367912QA4426E,ARGANTONIO,3,11004,36.533698,-6.294411,904,1888,9
1564407QA4416D,BELEN,5,11002,36.530815,-6.302972,636,1979,9
2266526QA4426E,CARDENAL ZAPATA,6,,36.532229,-6.294792,783,1988,9
1862301QA4416D,CARDOSO,28,11002,36.530074,-6.300197,961,1888,9
3740807QA4434B,DOCTOR FLEMING,6,11009,36.508587,-6.279531,974,2003,9
2365208QA4426E,FEDUCHY,20,,36.531841,-6.294346,1316,1888,9
2463902QA4426C,FLAMENCO,3,11005,36.530257,-6.293184,604,2012,9
2169301QA4426G,GENERAL MENACHO,3,11004,36.535615,-6.296332,720,2007,9
1965510QA4416F,JOSE DE DIOS,5,11001,36.531522,-6.298451,633,1888,9
2063310QA4426C,LIBERTAD DE LA,20,11005,36.530602,-6.297701,1010,1888,9
2464804QA4426C,MANZANARES,2,,36.531014,-6.293841,1060,1888,9
2464801QA4426C,MANZANARES,8,,36.530931,-6.294171,634,1991,9
2068408QA4426G,MINA DE,5,11004,36.534745,-6.297035,1459,1990,9
1862325QA4416D,PASQUIN,28,11002,36.528854,-6.300208,630,2004,9
1664605QA4416D,PASTORA,5,11002,36.530913,-6.302181,492,1888,9
1662213QA4416B,PERICON CADIZ,7,11002,36.529289,-6.302409,508,2006,9
1762202QA4416B,PORTERIA DE CAPUCHINOS,26,11002,36.529091,-6.301333,488,2002,9
3746203QA4434F,RECREO,22,11008,36.514797,-6.279635,822,1980,9
1862324QA4416D,REGIMIENTO DE INFANTERIA,32,11002,36.528845,-6.299987,597,1888,9
1564401QA4416D,ROSA,40,11002,36.531408,-6.302992,557,1970,9
1762220QA4416B,SAGASTA,97,,36.529291,-6.300994,685,1987,9
2462402QA4426C,SAN ANTONIO ABAD,12,11005,36.528925,-6.293116,553,2003,9
2561706QA4426B,SAN JUAN BAUTISTA LASALLE,15,,36.527631,-6.292224,438,1888,9
1862317QA4416D,SAN VICENTE,15,11002,36.529247,-6.299652,913,1975,9
2269101QA4426G,SANTIAGO TERRY,1,11004,36.53557,-6.29604,866,1995,9
2364201QA4426C,SANTO CRISTO,1,11005,36.531371,-6.294634,900,1888,9
1862127QA4416B,SARGENTO DAPONTE,7,11002,36.529027,-6.300644,561,2006,9
1567508QA4416H,SOLANO,29,,36.533199,-6.30337,426,2002,9
2661105QA4426B,SUAREZ DE SALAZAR,10,11006,36.528714,-6.291788,509,2003,9
1665609QA4416F,TORRE,55,,36.531751,-6.301863,522,1888,9
2760410QA4426B,TROILO,5,11006,36.526993,-6.289288,322,2000,9
1562903QA4416B,VIRGEN DE LA PALMA,22,11002,36.52968,-6.3034,421,1888,9
2170602QA4427A,ZORRILLA,3,11004,36.535868,-6.296684,965,1888,9
2269110QA4426G,AHUMADA,14,11004,36.535988,-6.295359,686,1995,8
1967407QA4416H,ANCHA,11,11001,36.533888,-6.298274,1256,1941,8
2065404QA4426E,BARRIE,31,11001,36.531815,-6.297362,1126,1888,8
1967622QA4416F,BENJUMEDA,17,,36.533293,-6.299218,531,2018,8
2761702QA4426B,BOTICA,5,11002,36.528213,-6.290358,900,1888,8
2363401QA4426C,COBOS,12,11005,36.529822,-6.294511,882,1992,8
2265202QA4426E,COLUMELA,23,11004,36.532333,-6.295873,1371,1995,8
2470204QA4427A,CONDE O'REILLY,12,11004,36.536387,-6.293023,831,1888,8
2063304QA4426C,LIBERTAD DE LA,14,11005,36.53017,-6.297911,913,1995,8
1562905QA4416B,LUBET,1,11002,36.52957,-6.303208,407,1888,8
3646813QA4434F,POETA NIETO,3,11009,36.514049,-6.280762,1218,1992,8
2266508QA4426E,ROSARIO,31,11004,36.532759,-6.295087,581,1888,8
1864902QA4416D,SAGASTA,72,,36.530732,-6.300719,430,1995,8
2268510QA4426G,SAN FRANCISCO,4,11004,36.534237,-6.295431,1007,2020,8
1870801QA4417B,SAN ISIDRO,1,11003,36.536337,-6.300686,512,2000,8
3851709QA4435B,SANIDAD PUBLICA,15,,36.518255,-6.278734,2677,1978,8
1768809QA4416H,SOLEDAD,1,,36.534849,-6.300989,438,2008,8
2662316QA4426D,SOPRANIS,18,,36.529013,-6.291145,395,2018,8
2561202QA4426B,SUAREZ DE SALAZAR,13,11006,36.5282,-6.292118,448,1888,8
1563101QA4416D,VIDAL,10,11002,36.530686,-6.303752,525,1888,8
1970707QA4417B,ADOLFO DE CASTRO,14,11003,36.536217,-6.299224,351,1995,7
1871711QA4417B,ADOLFO DE CASTRO,37,11003,36.536852,-6.300279,297,2008,7
2269113QA4426G,AHUMADA,8,11004,36.535717,-6.295613,659,1888,7
2269318QA4426G,ANTONIO LOPEZ,10,11004,36.535134,-6.295394,742,1888,7
2369417QA4426G,ANTONIO LOPEZ,24,11004,36.53483,-6.294141,1346,1995,7
2370504QA4427A,ARGUELLES DE,4,11004,36.535767,-6.294018,1149,1995,7
2166709QA4426E,BARRIE,17,11001,36.53249,-6.296889,1312,1995,7
2166710QA4426E,BARRIE,19,11001,36.532365,-6.296979,642,1888,7
2065405QA4426E,BARRIE,33,11001,36.5317,-6.297396,1185,1995,7
2165701QA4426E,BARRIE,36,11001,36.531551,-6.297244,453,2010,7
2167708QA4426E,CANOVAS DEL CASTILLO,33,11001,36.5335,-6.29671,1017,2003,7
1862305QA4416D,CARDOSO,20,11002,36.530098,-6.299826,510,1970,7
1862111QA4416B,CARDOSO,32,11002,36.530035,-6.300674,441,1963,7
1871702QA4417B,CARMEN CORONADA,18,11003,36.537177,-6.30038,425,2003,7
2363818QA4426C,CATEDRAL DE LA,8,11005,36.529676,-6.295009,783,1888,7
2066104QA4426E,CERVANTES,4,11001,36.532975,-6.298039,408,1888,7
1567502QA4416H,CHILE,2,11002,36.533419,-6.303281,432,2002,7
2070903QA4427A,CLARA CAMPOAMOR,14,11003,36.536462,-6.297782,794,2019,7
2163915QA4426C,COMPAÑIA,11,11005,36.530405,-6.296201,620,1995,7
1962344QA4416D,CRUZ,20,11002,36.529356,-6.299375,491,2006,7
2066707QA4426E,CUNA VIEJA,3,11001,36.53234,-6.297968,233,2011,7
1970714QA4417B,ENRIQUE DE LAS MARINAS,19,11007,36.535709,-6.299371,568,2015,7
2369411QA4426G,ESPAÑA DE,7,11006,36.535339,-6.293896,838,1995,7
2362312QA4426C,FABIO RUFINO,1,11005,36.529457,-6.293569,93,2018,7
2265902QA4426E,FEDUCHY,1,11001,36.532015,-6.296103,1739,1939,7
1970809QA4417B,FERNAN CABALLERO,16,11003,36.536565,-6.298687,374,1888,7
1668805QA4416H,HERCULES,33,11003,36.534651,-6.302319,478,1991,7
1566407QA4416F,HOSPITAL DE MUJERES,67,,36.532706,-6.302882,517,2004,7
2370901QA4427A,ISABEL LA CATOLICA,21,11004,36.536229,-6.294657,374,1888,7
2063311QA4426C,LIBERTAD DE LA,21,11005,36.530675,-6.297658,822,1988,7
2262103QA4426A,MAGISTRAL CABRERA,1,11005,36.529689,-6.296359,432,1888,7
2369811QA4426G,MANUEL RANCES,18,11004,36.535444,-6.294542,1916,2020,7
2464803QA4426C,MANZANARES,4,,36.531011,-6.294024,671,1888,7
4039306QA4443G,MARCONI,22,11009,36.508315,-6.27582,837,1990,7
4232807QA4443A,MARITIMO,16,,36.501275,-6.274927,1405,1989,7
2069913QA4426G,MINA DE,14,11004,36.535441,-6.297376,1487,1942,7
2464509QA4426C,NUEVA,3,11005,36.530735,-6.292851,1402,1941,7
2367502QA4426G,PERIODISTA EMILIO LOPEZ,7,,36.533417,-6.294028,1201,1960,7
4039901QA4443G,PINTOR ZULOAGA,1,11010,36.508032,-6.276553,560,1987,7
2267704QA4426E,ROSARIO,9,11004,36.533597,-6.295978,1121,1995,7
2760408QA4426B,RUTILIO,5,11006,36.527143,-6.289444,539,1979,7
1766806QA4416F,SACRAMENTO,58,,36.532948,-6.301388,481,1995,7
1864915QA4416D,SAGASTA,44,,36.531748,-6.300183,622,1995,7
2068110QA4426G,SAN ANTONIO,5,11001,36.534971,-6.298505,1011,1888,7
1770314QA4417B,SAN ISIDRO,2,11003,36.536415,-6.300704,396,2002,7
2463501QA4426C,SAN JUAN DE DIOS,12,,36.529674,-6.293257,742,1995,7
2663102QA4426D,SAN JUAN DE DIOS,17,,36.530268,-6.291787,1238,1995,7
2065403QA4426E,SAN MIGUEL,18,11001,36.531911,-6.297763,817,1888,7
1567506QA4416H,SAN RAFAEL,5,11002,36.533239,-6.303098,447,2002,7
1964912QA4416D,SANTA LUCIA,4,11002,36.530788,-6.299102,612,1985,7
2164417QA4426C,TOPETE,7,11001,36.530832,-6.296679,574,1995,7
1764105QA4416D,TORRE,48,,36.531581,-6.301927,877,2002,7
2267723QA4426E,VALVERDE,8,11004,36.533492,-6.296271,804,1995,7
1768310QA4416H,VEA MURGUIA,2,11003,36.534832,-6.300313,884,1888,7
2661901QA4426B,YEDRA,4,11006,36.528201,-6.291539,463,2007,7
1868309QA4416H,ZARAGOZA,3,11003,36.534606,-6.299751,785,1993,7
1870308QA4417B,ADOLFO DE CASTRO,27,11003,36.536546,-6.299703,669,1995,6
2269308QA4426G,AHUMADA,15,11004,36.536105,-6.295195,693,1888,6
2368209QA4426G,ANTONIO LOPEZ,15,11004,36.53476,-6.294156,945,1995,6
2163908QA4426C,ARBOLI,16,11005,36.529975,-6.297113,625,1995,6
1762115QA4416B,ART. PETROLEO Y SALVAORA,4,11002,36.529454,-6.301845,538,2017,6
2461116QA4426A,BAJADA DE ESCRIBANOS,1,11005,36.528668,-6.293535,462,1995,6
2363807QA4426C,BARROCAL,13,11005,36.530239,-6.294931,1232,1995,6
2069909QA4426G,CALDERON DE LA BARCA,2,11003,36.535842,-6.29727,450,1888,6
2069908QA4426G,CALDERON DE LA BARCA,4,11003,36.535915,-6.297382,1291,1995,6
2761306QA4426B,CALESAS DE LAS,41,11006,36.528289,-6.289383,1067,1995,6
2068513QA4426G,CANOVAS DEL CASTILLO,10,11001,36.534398,-6.297754,675,1888,6
2167216QA4426E,CANOVAS DEL CASTILLO,24,11001,36.533874,-6.297065,1050,1995,6
2266804QA4426E,CANOVAS DEL CASTILLO,39,,36.53305,-6.296092,488,1995,6
1862306QA4416D,CARDOSO,18,11002,36.530106,-6.299736,299,2003,6
1968708QA4416H,CERVANTES,27,,36.534024,-6.299118,687,1995,6
1567501QA4416H,CHILE,4,11002,36.533342,-6.303326,299,2002,6
2170607QA4427A,CLARA CAMPOAMOR,21,,36.536163,-6.2962,1616,1995,6
2364607QA4426C,COBOS,3,11005,36.530652,-6.294348,228,2012,6
2266807QA4426E,COLUMELA,22,11004,36.532656,-6.295719,1029,1888,6
1662812QA4416B,CRISTO DE LA MISERICORDIA,13,11002,36.529191,-6.302647,453,2004,6
2363302QA4426C,CRISTOBAL COLON,24,11005,36.530512,-6.294168,473,1888,6
1962317QA4416D,DESAMPARADOS,9,11005,36.52939,-6.297796,717,1995,6
1467514QA4416G,DOCTOR MARAÑON,12,11002,36.533282,-6.305323,544,1960,6
2368705QA4426G,DOCTOR ZURITA,4,11004,36.53435,-6.294221,1339,1995,6
2069918QA4426G,ENRIQUE DE LAS MARINAS,1,11007,36.535193,-6.298024,1406,1995,6
2068103QA4426G,ENRIQUE DE LAS MARINAS,2,11007,36.535113,-6.298041,907,1995,6
2068104QA4426G,ENRIQUE DE LAS MARINAS,2,11007,36.535055,-6.297896,758,1995,6
1970713QA4417B,ENRIQUE DE LAS MARINAS,17,11007,36.535658,-6.299235,614,1888,6
1770607QA4417B,ENRIQUE DE LAS MARINAS,28,11007,36.536114,-6.300684,828,1888,6
2369410QA4426G,ESPAÑA DE,6,11006,36.535459,-6.293883,856,1941,6
2369413QA4426G,ESPAÑA DE,9,11006,36.535098,-6.293928,1006,1995,6
2462201QA4426A,FABIO RUFINO,6,11005,36.529375,-6.293525,1253,1995,6
2365211QA4426E,FEDUCHY,16,,36.53192,-6.294774,1209,1995,6
3842609QA4434B,FERNANDEZ BALLESTEROS,13,11009,36.510131,-6.278404,984,1969,6
2461103QA4426A,FRAY FELIX,1,,36.528769,-6.294197,1373,1995,6
1770707QA4417B,GENERAL MORLA,2,11003,36.536104,-6.301313,384,2010,6
3938815QA4433H,GENERAL MUÑOZ ARENILLAS,1,11009,36.507633,-6.278283,1091,1966,6
2861803QA4426B,GOLETA,10,11006,36.527795,-6.289281,571,1995,6
2369806QA4426G,ISABEL LA CATOLICA,15,11004,36.53572,-6.294921,715,1888,6
2370902QA4427A,ISABEL LA CATOLICA,23,11004,36.53628,-6.294632,739,1995,6
2562602QA4426B,JABONERIA,2,11005,36.529,-6.292556,1203,1995,6
2562601QA4426B,JABONERIA,4,11005,36.528905,-6.292563,952,1995,6
2165706QA4426E,JAVIER DE BURGOS,22,11001,36.531771,-6.296767,1356,1888,6
1663605QA4416D,JOSE CUBILES,46,,36.530046,-6.302457,444,1974,6
2266810QA4426E,JOSE DEL TORO,14,,36.53265,-6.29608,949,1995,6
2369810QA4426G,MANUEL RANCES,20,11004,36.535618,-6.294478,1292,1995,6
2464806QA4426C,MATRONA TERESA RODRIGUEZ,3,11005,36.530944,-6.29338,677,1995,6
2462902QA4426A,MESON NUEVO DEL,2,11005,36.529074,-6.293799,564,1995,6
2461113QA4426A,MESON NUEVO DEL,11,11005,36.528721,-6.293797,937,1995,6
2170614QA4427A,MINA DE,10,11004,36.535698,-6.29688,575,2009,6
2069910QA4426G,MINA DE,11,11004,36.535779,-6.297155,803,1995,6
2364212QA4426C,NICARAGUA,8,11005,36.530866,-6.294527,946,1888,6
2164410QA4426C,OBISPO URQUINAONA,5,11005,36.530569,-6.295959,504,1995,6
2163919QA4426C,OBISPO URQUINAONA,13,11005,36.530035,-6.296394,1099,1995,6
2166508QA4426E,PALILLERO DEL,2,11001,36.532149,-6.29652,2240,1888,6
1862118QA4416B,PASQUIN,9,11002,36.529604,-6.300566,328,2004,6
2362302QA4426C,PELOTA,1,11005,36.529604,-6.294317,319,1888,6
2363416QA4426C,PELOTA,4,11005,36.529679,-6.294327,430,1995,6
2362310QA4426C,PELOTA,15,11005,36.529642,-6.293483,574,1995,6
2663804QA4426D,PLOCIA,6,11005,36.529793,-6.291453,1175,1888,6
2662308QA4426D,PLOCIA,25,,36.529165,-6.290593,589,1888,6
1762208QA4416B,PORTERIA DE CAPUCHINOS,10,11002,36.529597,-6.301325,303,1995,6
1764117QA4416D,ROSA,17,11002,36.531025,-6.301675,488,1995,6
2268709QA4426G,ROSARIO,4,11004,36.534007,-6.296024,195,1888,6
2365205QA4426E,ROSARIO,45,,36.532018,-6.2944,481,1995,6
2760407QA4426B,RUTILIO,2,11006,36.52723,-6.289597,619,2001,6
1966523QA4416F,SACRAMENTO,39,11001,36.532126,-6.298928,461,2014,6
1967415QA4416H,SAGASTA,15,11001,36.533374,-6.298034,824,1888,6
1966109QA4416F,SAGASTA,29,11001,36.532848,-6.2988,1213,1995,6
1966110QA4416F,SAGASTA,31,11001,36.532734,-6.298969,639,1888,6
1966111QA4416F,SAGASTA,33,11001,36.532687,-6.299022,660,1995,6
1865106QA4416F,SAGASTA,45,11001,36.532072,-6.299938,951,1995,6
1762218QA4416B,SAGASTA,93,,36.529552,-6.301012,876,1995,6
2268701QA4426G,SAN FRANCISCO,1,11004,36.534234,-6.296159,814,1995,6
2268702QA4426G,SAN FRANCISCO,1,11004,36.534334,-6.295903,708,1995,6
2267906QA4426E,SAN FRANCISCO,13,11004,36.53345,-6.29505,1182,1995,6
1968706QA4416H,SAN JOSE,19,11001,36.534016,-6.298904,327,1995,6
1967605QA4416F,SAN JOSE,22,11003,36.533651,-6.299178,1062,1995,6
1765402QA4416F,SAN JOSE,50,,36.531859,-6.301035,417,1995,6
2562702QA4426B,SAN JUAN DE DIOS,10,11005,36.528701,-6.292789,407,1995,6
2166703QA4426E,SAN MIGUEL,12,11001,36.532243,-6.297543,565,1888,6
2068504QA4426G,SAN PEDRO,7,,36.534345,-6.29725,690,1995,6
2759203QA4425H,SAN ROQUE,7,11006,36.526431,-6.289882,2221,1960,6
2364703QA4426C,SANTIAGO,2,11005,36.530619,-6.295092,819,1995,6
2662902QA4426B,SOPRANIS,11,,36.529101,-6.291627,1064,1995,6
2762701QA4426B,SOR ESPERANZA LOPEZ,1,11006,36.528779,-6.290778,249,1995,6
2561201QA4426B,SUAREZ DE SALAZAR,11,11006,36.528307,-6.292051,445,1995,6
2661112QA4426B,TENIENTE ANDUJAR,8,11006,36.528271,-6.29176,477,1941,6
2063312QA4426C,TOPETE,1,11001,36.5309,-6.297453,1513,1979,6
1564906QA4416D,TRINIDAD,9,11002,36.530856,-6.303349,332,2011,6
2167713QA4426E,VALVERDE,13,11004,36.532984,-6.296472,1189,1888,6
2266802QA4426E,VALVERDE,16,11004,36.533033,-6.296352,1008,1888,6
1867205QA4416F,ZARAGOZA,4,11003,36.534319,-6.299889,216,1995,6
1868716QA4416H,ZARAGOZA,9,11003,36.534221,-6.300146,1239,1888,6
2170604QA4427A,ZORRILLA,7,11004,36.536118,-6.296528,640,1995,6
1962307QA4416D,ABREU,5,11002,36.529819,-6.298932,435,1995,5
1970411QA4417B,ADOLFO DE CASTRO,3,11003,36.535875,-6.29821,445,1888,5
1970708QA4417B,ADOLFO DE CASTRO,12,11003,36.536089,-6.299167,786,1888,5
1870309QA4417B,ADOLFO DE CASTRO,29,11003,36.536644,-6.299766,772,1995,5
1770308QA4417B,ADOLFO DE CASTRO,34,11003,36.536922,-6.300545,695,1995,5
1871713QA4417B,ADOLFO DE CASTRO,41,11003,36.536995,-6.300533,731,1930,5
2269115QA4426G,AHUMADA,4,11004,36.535552,-6.295615,464,1995,5
2269111QA4426G,AHUMADA,12,11004,36.535832,-6.295446,1091,1995,5
2860202QA4426B,ALMIRANTE PES,2,11006,36.527478,-6.289002,374,1995,5
3741203QA4434B,ANA DE VIYA,36,11009,36.510022,-6.279523,4337,1958,5
2068618QA4426G,ANCHA,14,11001,36.533948,-6.297865,709,1888,5
2066309QA4426E,ANCHA,33,11001,36.533027,-6.297204,840,1888,5
2368205QA4426G,ANTONIO LOPEZ,7,11004,36.534782,-6.294557,691,1995,5
2368208QA4426G,ANTONIO LOPEZ,13,11004,36.534787,-6.294269,423,1995,5
2663103QA4426D,ANTULO,2,11006,36.530061,-6.2915,1179,1888,5
2163912QA4426C,ARBOLI,6,11005,36.530318,-6.296671,942,1995,5
2163906QA4426C,ARBOLI,20,11005,36.529872,-6.297243,657,1888,5
2063334QA4426C,ARBOLI,27,11005,36.52964,-6.297566,373,1995,5
2367507QA4426G,ARGANTONIO,10,11004,36.533078,-6.2942,1632,1995,5
1762116QA4416B,ART. PETROLEO Y SALVAORA,2,11002,36.529545,-6.301845,559,1995,5
2165703QA4426E,BARRIE,28,11001,36.53183,-6.297249,474,1960,5
2264509QA4426C,BARROCAL,6,11005,36.530422,-6.295381,680,1995,5
2368709QA4426G,BEATO DIEGO DE CADIZ,10,11004,36.534113,-6.294892,1195,1995,5
2368706QA4426G,BEATO DIEGO DE CADIZ,16,11004,36.534185,-6.29432,649,1995,5
1869101QA4416H,BENDICION DE DIOS,1,11003,36.535877,-6.300522,948,1995,5
1871708QA4417B,BENDICION DE DIOS,16,11003,36.536721,-6.299922,714,1995,5
1870301QA4417B,BENDICION DE DIOS,17,11003,36.536781,-6.299787,456,1995,5
1967623QA4416F,BENJUMEDA,19,,36.53332,-6.299284,123,1888,5
1867602QA4416F,BENJUMEDA,22,,36.53345,-6.299795,708,1970,5
2761706QA4426B,BOTICA,13,11002,36.527831,-6.290525,667,1995,5
2660307QA4426B,BOTICA,17,11002,36.527586,-6.290613,683,1995,5
2069108QA4426G,BUENOS AIRES,16,11003,36.53583,-6.297857,856,1995,5
2170702QA4427A,BUENOS AIRES,23,11003,36.536181,-6.297306,1541,1920,5
2070909QA4427A,CALDERON DE LA BARCA,19,11003,36.536393,-6.298017,963,1995,5
2562605QA4426B,CANASTAS DE LAS,6,11006,36.528993,-6.292159,902,1995,5
2365619QA4426E,CANDELARIA,2,11005,36.531585,-6.295047,974,1995,5
2068515QA4426G,CANOVAS DEL CASTILLO,6,11001,36.534532,-6.297938,511,1995,5
2068516QA4426G,CANOVAS DEL CASTILLO,6,11001,36.534623,-6.29806,586,1995,5
2068607QA4426G,CANOVAS DEL CASTILLO,13,11001,36.53432,-6.297783,655,1995,5
2068511QA4426G,CANOVAS DEL CASTILLO,14,11001,36.534279,-6.297586,276,1995,5
2068508QA4426G,CANOVAS DEL CASTILLO,20,11001,36.534076,-6.297336,1291,1995,5
2167705QA4426E,CANOVAS DEL CASTILLO,27,11001,36.533767,-6.297062,830,1995,5
2167210QA4426E,CANOVAS DEL CASTILLO,36,11001,36.533416,-6.296453,1052,1995,5
1963209QA4416D,CARDOSO,3,11002,36.530145,-6.299,388,1995,5
1963211QA4416D,CARDOSO,7,11002,36.530199,-6.29921,669,1995,5
1863217QA4416D,CARDOSO,15,11002,36.530148,-6.299903,382,1995,5
1862307QA4416D,CARDOSO,16,11002,36.530051,-6.299632,595,1995,5
1863222QA4416D,CARDOSO,25,11002,36.530102,-6.300498,512,1995,5
2363817QA4426C,CATEDRAL DE LA,7,11005,36.52969,-6.294928,389,1995,5
1768804QA4416H,CEBALLOS,12,11003,36.534704,-6.301482,587,1995,5
1967608QA4416F,CERVANTES,18,,36.533624,-6.29897,778,1995,5
2365305QA4426E,CHURRUCA,2,11005,36.531606,-6.29377,1202,1995,5
2465603QA4426E,CHURRUCA,5,11005,36.531556,-6.293573,675,1995,5
3352215QA4435A,CIUDAD DE SANTANDER,1,11007,36.519646,-6.284023,316,1950,5
2070902QA4427A,CLARA CAMPOAMOR,13,11003,36.536531,-6.297928,262,1995,5
2364609QA4426C,COBOS,7,11005,36.530526,-6.294416,454,1995,5
2364610QA4426C,COBOS,9,11005,36.530482,-6.29443,86,1888,5
2363813QA4426C,COBOS,17,11005,36.52997,-6.294566,1441,1888,5
2363815QA4426C,COBOS,21,11005,36.529667,-6.294626,894,1940,5
2165708QA4426E,COLUMELA,10,11001,36.531542,-6.296749,434,1888,5
2165707QA4426E,COLUMELA,14,,36.53168,-6.296604,570,1995,5
2470601QA4427A,CONDE O'REILLY,3,11004,36.536244,-6.293365,1116,1995,5
2470206QA4427A,CONDE O'REILLY,8,11004,36.536342,-6.293302,519,1995,5
2470604QA4427A,CONDE O'REILLY,9,11004,36.536296,-6.292991,773,1995,5
2957202QA4425F,CONSTITUCION LA,4,11006,36.525101,-6.288058,1248,1960,5
1663603QA4416D,CRISTO DE LA MISERICORDIA,6,11002,36.529814,-6.302516,815,1995,5
2464807QA4426C,CRISTOBAL COLON,9,11005,36.530841,-6.293373,566,1995,5
2464808QA4426C,CRISTOBAL COLON,11,11005,36.530779,-6.293502,786,1995,5
2464809QA4426C,CRISTOBAL COLON,13,11005,36.530779,-6.293614,259,1888,5
1963202QA4416D,CRUZ,4,11002,36.530334,-6.299344,372,1995,5
1862310QA4416D,CRUZ,5,11002,36.529945,-6.299469,633,1995,5
1963201QA4416D,CRUZ,6,11002,36.530253,-6.299379,492,1995,5
2367404QA4426G,CUATRO DE DICIEMBRE 1977,13,11006,36.533848,-6.293811,910,1888,5
2464302QA4426C,CUATRO DE DICIEMBRE 1977,30,11006,36.53134,-6.29302,333,1888,5
2464303QA4426C,CUATRO DE DICIEMBRE 1977,31,11006,36.531312,-6.29299,410,1888,5
2066601QA4426E,CUNA VIEJA,2,11001,36.532417,-6.29786,575,1995,5
1962314QA4416D,DESAMPARADOS,1,11005,36.529627,-6.298084,928,1995,5
2063339QA4426C,DESAMPARADOS,4,11005,36.529646,-6.297978,623,1995,5
1962316QA4416D,DESAMPARADOS,5,11005,36.529491,-6.297881,1011,1995,5
1565913QA4416F,DIEGO ARIAS,5,11002,36.532213,-6.302918,677,1995,5
1467509QA4416G,DOCTOR MARAÑON,4,11002,36.532865,-6.304125,1889,1970,5
2068102QA4426G,ENRIQUE DE LAS MARINAS,4,11007,36.535163,-6.298147,808,1995,5
1969316QA4416H,ENRIQUE DE LAS MARINAS,9,11007,36.535463,-6.298724,1264,1995,5
1869405QA4416H,ENRIQUE DE LAS MARINAS,10,11007,36.535667,-6.299457,740,1888,5
1667506QA4416H,FALLA DE,2,11003,36.53394,-6.301859,805,1995,5
1667505QA4416H,FALLA DE,3,11003,36.533723,-6.301994,805,1995,5
1667503QA4416H,FALLA DE,5,11003,36.533554,-6.3021,644,1995,5
1667501QA4416H,FALLA DE,7,11003,36.533335,-6.302205,665,1995,5
2269107QA4426G,FERMIN SALVOECHEA,1,11004,36.5363,-6.295567,707,1995,5
2369809QA4426G,FERMIN SALVOECHEA,3,11004,36.535707,-6.294473,1525,1960,5
2369408QA4426G,FERMIN SALVOECHEA,7,11004,36.535679,-6.294043,506,1995,5
2463901QA4426C,FLAMENCO,1,11005,36.53023,-6.293319,602,1995,5
3550813QA4435B,FRANCISCO GARCIA DE SOLA,20,11008,36.518371,-6.280994,710,1957,5
3550814QA4435B,FRANCISCO GARCIA DE SOLA,22,11008,36.518237,-6.28083,710,1957,5
3550815QA4435B,FRANCISCO GARCIA DE SOLA,24,11008,36.518083,-6.280683,710,1957,5
3550816QA4435B,FRANCISCO GARCIA DE SOLA,26,11008,36.517956,-6.280526,726,1957,5
3550817QA4435B,FRANCISCO GARCIA DE SOLA,28,11008,36.517786,-6.28033,660,1957,5
2066603QA4426E,GASPAR DEL PINO,5,11001,36.532603,-6.297624,370,1995,5
2170611QA4427A,GENERAL MENACHO,2,11004,36.53567,-6.296493,874,1995,5
1963301QA4416D,GENTIL,4,11002,36.530429,-6.298807,334,1995,5
3257210QA4435E,HIBISCOS,2,11007,36.524169,-6.285381,1507,1950,5
2470201QA4427A,HONDURAS,4,11004,36.536836,-6.293125,1109,1995,5
1865413QA4416F,HOSPITAL DE MUJERES,21,11001,36.531813,-6.299983,759,1995,5
1864920QA4416D,HOSPITAL DE MUJERES,28,11001,36.531633,-6.299721,556,1995,5
1864919QA4416D,HOSPITAL DE MUJERES,30,11001,36.531664,-6.299788,667,1995,5
1765206QA4416F,HOSPITAL DE MUJERES,33,11001,36.532142,-6.301048,392,2017,5
2168304QA4426G,ISABEL LA CATOLICA,4,11004,36.535043,-6.295406,452,1888,5
2370904QA4427A,ISABEL LA CATOLICA,27,11004,36.53643,-6.294554,610,1995,5
2166505QA4426E,JOSE DEL TORO,13,,36.532455,-6.295986,1128,1995,5
2063307QA4426C,LIBERTAD DE LA,17,11005,36.53044,-6.29779,453,1995,5
2063309QA4426C,LIBERTAD DE LA,19,11005,36.530408,-6.29754,622,1995,5
2262104QA4426A,MAGISTRAL CABRERA,3,11005,36.529659,-6.296256,433,1995,5
2369815QA4426G,MANUEL RANCES,10,11004,36.535049,-6.294701,456,1995,5
2369401QA4426G,MANUEL RANCES,15,11004,36.535151,-6.29458,468,1995,5
1864934QA4416D,MARIA ARTEAGA,1,11002,36.530438,-6.299601,907,1995,5
1864935QA4416D,MARIA ARTEAGA,3,11002,36.530393,-6.299748,671,1995,5
2761808QA4426B,MARIANA CORNEJO,3,11006,36.528092,-6.290622,489,1995,5
2465610QA4426E,MENDIZABAL DE,6,11005,36.531424,-6.293674,157,1995,5
2662914QA4426B,MERCED,10,11006,36.528811,-6.291475,702,1995,5
2662913QA4426B,MERCED,12,11006,36.528738,-6.291319,352,2002,5
2762706QA4426B,MERCED,28,11006,36.528394,-6.290448,363,1995,5
2461204QA4426A,MESON NUEVO DEL,19,11005,36.528691,-6.293444,645,1995,5
2461205QA4426A,MESON NUEVO DEL,21,11005,36.528664,-6.293345,343,1888,5
4039905QA4443G,MURILLO,12,11010,36.507831,-6.276176,217,1934,5
2364603QA4426C,NICARAGUA,3,11005,36.530813,-6.294598,952,1995,5
2364214QA4426C,NICARAGUA,4,11005,36.530914,-6.294707,962,1888,5
2364211QA4426C,NICARAGUA,10,11005,36.530876,-6.294358,557,1995,5
2166509QA4426E,NOVENA,2,11001,36.532452,-6.296731,1663,1984,5
2362402QA4426C,OBISPO JOSE MARIA RANCES,3,11005,36.528955,-6.294225,464,1995,5
2362403QA4426C,OBISPO JOSE MARIA RANCES,5,11005,36.528875,-6.294248,431,1888,5
2263202QA4426C,OBISPO URQUINAONA,4,11005,36.530473,-6.29595,401,1995,5
2164411QA4426C,OBISPO URQUINAONA,5,11005,36.530447,-6.296045,927,1995,5
2262102QA4426A,OBISPO URQUINAONA,10,11005,36.529645,-6.296509,482,1995,5
2163925QA4426C,OBISPO URQUINAONA,33,11005,36.529472,-6.296651,501,1995,5
1862334QA4416D,PASQUIN,2,11002,36.529995,-6.300317,280,1995,5
1862330QA4416D,PASQUIN,10,11002,36.529626,-6.300283,1277,1995,5
1862708QA4416B,PASQUIN,31,11002,36.52885,-6.300283,953,1995,5
1664504QA4416D,PASTORA,4,11002,36.530939,-6.302102,354,1995,5
1664503QA4416D,PASTORA,6,11002,36.530879,-6.302104,316,1995,5
2362303QA4426C,PELOTA,3,11005,36.52961,-6.294215,291,1888,5
2463602QA4426C,PELOTA,16,11005,36.529732,-6.293538,555,1888,5
1461203QA4416A,PERICON CADIZ,16,11002,36.528855,-6.304447,900,1995,5
2362802QA4426A,PIRATAS,1,11005,36.529062,-6.294765,534,1995,5
1868303QA4416H,PLATA,4,11003,36.535023,-6.299687,519,1995,5
1868302QA4416H,PLATA,6,11003,36.53494,-6.299776,855,1995,5
2663805QA4426D,PLOCIA,4,11005,36.529881,-6.291576,766,1995,5
2663803QA4426D,PLOCIA,8,11005,36.529731,-6.291363,1258,1888,5
2662203QA4426B,PLOCIA,9,11005,36.529632,-6.291482,382,1995,5
2662307QA4426D,PLOCIA,23,,36.529229,-6.290679,643,1995,5
2362311QA4426C,POMPONIO MELA,1,11005,36.529502,-6.293418,622,1888,5
2660902QA4426B,PUBLICO,10,11006,36.527234,-6.291338,2346,1962,5
1962321QA4416D,PUERTO CHICO,4,11005,36.529135,-6.29808,735,1888,5
2062403QA4426C,PUERTO CHICO,5,11005,36.529115,-6.297897,698,1995,5
2268505QA4426G,RAFAEL DE LA VIESCA,5,11004,36.534526,-6.295022,879,1995,5
2268307QA4426G,RAFAEL DE LA VIESCA,6,11004,36.534601,-6.295081,808,1995,5
1861304QA4416B,REGIMIENTO DE INFANTERIA,5,11002,36.528783,-6.299548,921,1964,5
1962339QA4416D,REGIMIENTO DE INFANTERIA,6,11002,36.528979,-6.298831,283,2003,5
1861303QA4416B,REGIMIENTO DE INFANTERIA,7,11002,36.528751,-6.299778,740,1964,5
1861302QA4416B,REGIMIENTO DE INFANTERIA,9,11002,36.528723,-6.299966,750,1964,5
1861301QA4416B,REGIMIENTO DE INFANTERIA,11,11002,36.528696,-6.300159,925,1964,5
1862321QA4416D,REGIMIENTO DE INFANTERIA,20,11002,36.528921,-6.299592,652,1995,5
2470606QA4427A,REPUBLICA EL SALVADOR,2,11004,36.536041,-6.292852,524,1995,5
1963206QA4416D,ROBLES,13,11002,36.530383,-6.298896,535,1995,5
1664510QA4416D,ROSA,16,11002,36.530911,-6.301601,468,1987,5
1764118QA4416D,ROSA,19,11002,36.531071,-6.301777,244,1995,5
2267703QA4426E,ROSARIO,7,11004,36.533797,-6.295944,646,1888,5
2366111QA4426E,ROSARIO,14,11004,36.532817,-6.294955,1036,1995,5
2267710QA4426E,ROSARIO,21,11004,36.533355,-6.295533,737,1995,5
2266509QA4426E,ROSARIO,33,11004,36.53273,-6.294975,296,1995,5
2266510QA4426E,ROSARIO,35,11004,36.532685,-6.294933,412,1995,5
2266518QA4426E,ROSARIO,39,11004,36.532524,-6.294796,952,1995,5
2365609QA4426E,ROSARIO,51,,36.531532,-6.293909,790,1995,5
1966504QA4416F,ROSARIO CEPEDA,16,11001,36.532392,-6.298594,421,1888,5
1965701QA4416F,ROSARIO CEPEDA,38,11001,36.531667,-6.299439,669,1995,5
2363313QA4426C,RUIZ DE BUSTAMANTE,7,11005,36.530192,-6.294218,751,1995,5
2363405QA4426C,RUIZ DE BUSTAMANTE,10,11005,36.53014,-6.294288,556,1995,5
2264803QA4426C,SACRAMENTO,10,11001,36.531234,-6.296561,806,1995,5
1965507QA4416F,SACRAMENTO,20,11001,36.53187,-6.298391,920,1888,5
2165712QA4426E,SACRAMENTO,21,11001,36.531526,-6.29713,567,1995,5
2065406QA4426E,SACRAMENTO,23,11001,36.531597,-6.297514,788,1888,5
1965505QA4416F,SACRAMENTO,24,11001,36.531945,-6.298597,815,1995,5
1865405QA4416F,SACRAMENTO,32,11001,36.532229,-6.299372,1006,1995,5
1766213QA4416F,SACRAMENTO,57,,36.532843,-6.300916,1270,1995,5
1766216QA4416F,SACRAMENTO,63,,36.532951,-6.301208,501,1995,5
2167701QA4426E,SAGASTA,10,11001,36.533583,-6.297597,536,1888,5
2066102QA4426E,SAGASTA,18,11001,36.533124,-6.298277,741,1995,5
1866408QA4416F,SAGASTA,41,11001,36.532418,-6.299431,975,1995,5
1764913QA4416D,SAGASTA,63,,36.530982,-6.300724,622,1888,5
1864904QA4416D,SAGASTA,68,,36.530851,-6.300672,495,1888,5
1763216QA4416D,SAGASTA,83,,36.530105,-6.300998,322,1888,5
1969605QA4416H,SAN ANTONIO,1,11003,36.535324,-6.299005,1201,1995,5
1969603QA4416H,SAN ANTONIO,3,11003,36.53517,-6.298781,986,1995,5
2068109QA4426G,SAN ANTONIO,6,11001,36.534898,-6.298411,895,1995,5
1968602QA4416H,SAN ANTONIO,8,11003,36.534436,-6.298752,326,1888,5
1968701QA4416H,SAN ANTONIO,11,11003,36.534371,-6.29912,554,1888,5
1869409QA4416H,SAN ANTONIO,16,11003,36.535349,-6.29917,1514,1995,5
2462906QA4426A,SAN ANTONIO ABAD,5,11005,36.52902,-6.293366,1197,1995,5
2463919QA4426C,SAN FERNANDO,2,11005,36.529925,-6.29341,605,1995,5
2366106QA4426E,SAN FRANCISCO,21,11004,36.532851,-6.294546,1708,1995,5
2068402QA4426G,SAN JOSE,4,11004,36.534919,-6.297816,627,1995,5
2068106QA4426G,SAN JOSE,5,11004,36.534836,-6.298033,731,1995,5
2068401QA4426G,SAN JOSE,6,11004,36.534805,-6.297933,761,1995,5
1968605QA4416H,SAN JOSE,15,11001,36.534178,-6.298724,447,1920,5
1968705QA4416H,SAN JOSE,17,11001,36.534101,-6.298815,234,1888,5
1866602QA4416F,SAN JOSE,40,,36.532531,-6.300398,683,1888,5
1866113QA4416F,SAN JOSE,47,11003,36.53287,-6.300135,1227,1995,5
1765401QA4416F,SAN JOSE,52,,36.531777,-6.301085,570,1995,5
1764302QA4416D,SAN JOSE,56,,36.531573,-6.301209,341,1888,5
1764901QA4416D,SAN JOSE,74,,36.530985,-6.301572,379,1995,5
2062407QA4426C,SAN JUAN,13,11005,36.529348,-6.297367,636,1995,5
2162406QA4426C,SAN JUAN,27,11005,36.5294,-6.296694,1048,1995,5
2162410QA4426C,SAN JUAN,37,11005,36.529383,-6.296282,676,1995,5
2262110QA4426A,SAN JUAN,38,11005,36.52938,-6.296015,563,1995,5
2162413QA4426C,SAN JUAN,43,11005,36.529315,-6.295902,859,1995,5
2461107QA4426A,SAN MARTIN,1,11005,36.529096,-6.294018,411,1995,5
2462104QA4426A,SAN MARTIN,3,11005,36.529203,-6.293963,1651,1995,5
2066312QA4426E,SAN MIGUEL,5,11001,36.53275,-6.297299,608,1888,5
2066604QA4426E,SAN MIGUEL,7,11001,36.532553,-6.297504,466,1995,5
2068505QA4426G,SAN PEDRO,9,,36.534215,-6.297075,621,1888,5
2068416QA4426G,SAN PEDRO,12,,36.534426,-6.297254,565,1995,5
2167205QA4426E,SAN PEDRO,17,,36.533993,-6.296488,791,1995,5
3950207QA4435B,SAN SEVERIANO,45,11007,36.516666,-6.276806,619,1969,5
2465607QA4426E,SANCHEZ BARCAIZTEGUI,2,11005,36.531405,-6.293401,712,1995,5
2268501QA4426G,SANT. CRISTO VERA CRUZ,3,,36.534422,-6.295634,693,1995,5
3257209QA4435E,SANTA CRUZ DE TENERIFE,7,11007,36.524127,-6.285113,1086,1950,5
2861601QA4426B,SANTA ELENA,1,11006,36.527564,-6.288978,1100,1995,5
2760512QA4426B,SANTA ELENA,6,11006,36.526627,-6.289723,612,2011,5
1964702QA4416D,SANTA LUCIA,3,11002,36.530748,-6.299213,276,1995,5
2561204QA4426B,SANTA MARIA,4,11005,36.528397,-6.292377,498,1995,5
2661711QA4426B,SANTA MARIA,8,,36.528133,-6.292019,649,1959,5
3253312QA4435C,SANTA MARIA DE LA CABEZA,5,11007,36.520398,-6.284398,450,1944,5
2264507QA4426C,SANTIAGO,3,11005,36.530601,-6.295185,381,1995,5
2364702QA4426C,SANTIAGO,4,11005,36.530528,-6.295149,488,2010,5
2169310QA4426G,SANTIAGO TERRY,4,11004,36.535707,-6.296119,407,1995,5
2364202QA4426C,SANTO CRISTO,3,11005,36.531365,-6.294564,1050,1995,5
2761909QA4426B,SANTO DOMINGO,11,11006,36.528242,-6.289862,464,1995,5
1862712QA4416B,SARGENTO DAPONTE,2,11002,36.528983,-6.300416,397,1888,5
2563506QA4426D,SOPRANIS,4,11005,36.529458,-6.292219,1864,1888,5
2563505QA4426D,SOPRANIS,6,11005,36.529407,-6.292069,1052,1995,5
2662905QA4426B,SOPRANIS,17,,36.52898,-6.29125,1411,1995,5
2662906QA4426B,SOPRANIS,21,,36.528925,-6.291104,1542,1888,5
2662313QA4426D,SOPRANIS,24,,36.528886,-6.290813,1284,1995,5
2662908QA4426B,SOPRANIS,25,,36.528794,-6.290933,379,1995,5
2762702QA4426B,SOPRANIS,29,,36.528787,-6.29071,299,1995,5
2562609QA4426B,SUAREZ DE SALAZAR,5,11006,36.528647,-6.291947,772,1995,5
2761915QA4426B,TENIENTE ANDUJAR,28,11006,36.527629,-6.290058,489,1995,5
2063313QA4426C,TOPETE,2,11001,36.530843,-6.297284,1943,1995,5
1867404QA4416H,TORRE,10,,36.533814,-6.299737,630,1995,5
1766211QA4416F,TORRE,31,,36.533058,-6.300634,470,1995,5
1765903QA4416F,TORRE,40,,36.53211,-6.301444,407,1995,5
1564907QA4416D,TRINIDAD,11,11002,36.530752,-6.303313,349,2006,5
1564410QA4416D,TRINIDAD,14,11002,36.530826,-6.303224,470,1995,5
1563305QA4416D,TRINIDAD,20,11002,36.530476,-6.303257,324,1995,5
1770303QA4417B,USTARIZ,5,11003,36.536667,-6.300945,305,1995,5
2267724QA4426E,VALVERDE,6,11004,36.533585,-6.296271,540,1888,5
1869412QA4416H,VEEDOR,3,11003,36.535332,-6.299783,1222,1995,5
1868206QA4416H,VEEDOR,4,11003,36.535205,-6.299663,603,1995,5
2364617QA4426C,VILLALOBOS,2,11005,36.530677,-6.294979,583,2021,5
1562901QA4416B,VIRGEN DE LA PALMA,26,11002,36.529687,-6.303606,571,1995,5
1767908QA4416F,VIRGILI,7,11003,36.533887,-6.301497,739,1995,5
1767705QA4416F,VIRGILI,10,11003,36.533699,-6.301372,886,1967,5
1768615QA4416H,VIUDAS,11,11003,36.534289,-6.300729,599,1995,5
1767904QA4416F,VIUDAS,21,11003,36.533808,-6.30102,702,1995,5
1767707QA4416F,VIUDAS,25,11003,36.533519,-6.301221,714,1995,5
1767501QA4416H,VIUDAS,28,11003,36.533594,-6.301002,511,1995,5
1766203QA4416F,VIUDAS,38,11003,36.533215,-6.301309,963,1995,5
2661108QA4426B,YEDRA,1,11006,36.528681,-6.291537,945,1995,5
